﻿<?xml version="1.0" encoding="utf-8"?>
<publishData>
  <publishProfile publishUrl="C:\Users\Tiago\Desktop\EWProjecto" deleteExistingFiles="True" ftpAnonymousLogin="False" ftpPassiveMode="True" msdeploySite="ccum/Projecto" msdeploySiteID="" msdeployRemoteSitePhysicalPath="" msdeployAllowUntrustedCertificate="False" msdeploySkipExtraFilesOnServer="True" msdeployMarkAsApp="True" profileName="Profile1" publishMethod="FileSystem" replaceMatchingFiles="False" userName="" savePWD="False" userPWD="" SelectedForPublish="True">
    <file relUrl="Scripts/jquery.validate.unobtrusive.js" publishTime="02/10/2013 00:19:04" />
    <file relUrl="Content/Imagens/Icones/anosLectivos.png" publishTime="02/21/2013 13:44:48" />
    <file relUrl="Content/themes/base/jquery.ui.resizable.css" publishTime="02/10/2013 00:19:07" />
    <file relUrl="Scripts/jquery-ui-1.8.11.min.js" publishTime="02/10/2013 00:19:06" />
    <file relUrl="Content/themes/base/images/ui-bg_flat_75_ffffff_40x100.png" publishTime="02/10/2013 00:19:07" />
    <file relUrl="Content/Imagens/Icones/aceitar.png" publishTime="02/22/2013 15:59:09" />
    <file relUrl="Scripts/MicrosoftAjax.js" publishTime="02/10/2013 00:19:04" />
    <file relUrl="Content/themes/base/jquery.ui.accordion.css" publishTime="02/10/2013 00:19:07" />
    <file relUrl="Views/Custos/Add.cshtml" publishTime="02/21/2013 19:45:35" />
    <file relUrl="bin/EntityFramework.xml" publishTime="02/10/2013 00:19:07" />
    <file relUrl="Content/Imagens/Icones/eliminar.png" publishTime="02/08/2013 15:32:14" />
    <file relUrl="Scripts/MicrosoftMvcValidation.debug.js" publishTime="02/10/2013 00:19:04" />
    <file relUrl="Content/themes/base/jquery.ui.button.css" publishTime="02/10/2013 00:19:07" />
    <file relUrl="Content/Imagens/Icones/next.png" publishTime="02/21/2013 13:16:09" />
    <file relUrl="Views/Perfil/Editar.cshtml" publishTime="02/22/2013 03:53:50" />
    <file relUrl="Web.config" publishTime="02/22/2013 19:00:12" />
    <file relUrl="Views/Cursos/Index.cshtml" publishTime="02/21/2013 14:52:43" />
    <file relUrl="Content/Imagens/perfil.png" publishTime="05/26/2012 00:19:42" />
    <file relUrl="Views/Estudantes/Index.cshtml" publishTime="02/21/2013 14:58:14" />
    <file relUrl="Views/AnosLectivos/Index.cshtml" publishTime="02/21/2013 14:52:23" />
    <file relUrl="Content/themes/base/images/ui-icons_cd0a0a_256x240.png" publishTime="02/10/2013 00:19:07" />
    <file relUrl="Views/Disciplinas/Add.cshtml" publishTime="02/21/2013 19:45:48" />
    <file relUrl="Views/Pedidos/Administrar.cshtml" publishTime="02/22/2013 16:14:24" />
    <file relUrl="Views/Login/Index.cshtml" publishTime="02/21/2013 04:05:21" />
    <file relUrl="Views/AnosLectivos/Add.cshtml" publishTime="02/21/2013 19:44:51" />
    <file relUrl="Content/themes/base/images/ui-icons_888888_256x240.png" publishTime="02/10/2013 00:19:07" />
    <file relUrl="Views/Logout/Index.cshtml" publishTime="02/12/2013 10:35:35" />
    <file relUrl="Scripts/MicrosoftMvcAjax.js" publishTime="02/10/2013 00:19:04" />
    <file relUrl="Global.asax" publishTime="02/10/2013 00:19:04" />
    <file relUrl="Views/Home/Index.cshtml" publishTime="02/22/2013 15:25:18" />
    <file relUrl="Scripts/MicrosoftMvcValidation.js" publishTime="02/10/2013 00:19:04" />
    <file relUrl="Views/_ViewStart.cshtml" publishTime="02/10/2013 00:19:04" />
    <file relUrl="Content/themes/base/images/ui-icons_2e83ff_256x240.png" publishTime="02/10/2013 00:19:07" />
    <file relUrl="Content/Imagens/Icones/back.png" publishTime="02/21/2013 13:16:27" />
    <file relUrl="Content/themes/base/images/ui-bg_glass_75_e6e6e6_1x400.png" publishTime="02/10/2013 00:19:07" />
    <file relUrl="Views/ListasMaterial/Add.cshtml" publishTime="02/22/2013 03:34:15" />
    <file relUrl="Content/Imagens/Icones/home.png" publishTime="02/08/2013 15:47:33" />
    <file relUrl="Content/Imagens/Icones/adicionarBranco.png" publishTime="02/08/2013 15:29:40" />
    <file relUrl="Content/themes/base/jquery.ui.slider.css" publishTime="02/10/2013 00:19:07" />
    <file relUrl="Content/Imagens/registar.png" publishTime="05/26/2012 00:02:53" />
    <file relUrl="Scripts/jquery.unobtrusive-ajax.min.js" publishTime="02/10/2013 00:19:04" />
    <file relUrl="Content/Imagens/Icones/concluido.png" publishTime="02/08/2013 04:35:01" />
    <file relUrl="Content/Imagens/Icones/rejeitar.png" publishTime="02/22/2013 16:00:51" />
    <file relUrl="Content/themes/base/images/ui-bg_glass_55_fbf9ee_1x400.png" publishTime="02/10/2013 00:19:07" />
    <file relUrl="Content/Imagens/Icones/imprimirBranco.png" publishTime="02/08/2013 15:34:39" />
    <file relUrl="Scripts/jquery.validate-vsdoc.js" publishTime="02/10/2013 00:19:06" />
    <file relUrl="Content/Imagens/Icones/editar.png" publishTime="02/08/2013 15:40:02" />
    <file relUrl="Scripts/jquery-1.5.1.js" publishTime="02/10/2013 00:19:05" />
    <file relUrl="Content/themes/base/jquery.ui.core.css" publishTime="02/10/2013 00:19:07" />
    <file relUrl="Content/Imagens/login.png" publishTime="05/26/2012 00:09:28" />
    <file relUrl="Content/themes/base/images/ui-bg_glass_75_dadada_1x400.png" publishTime="02/10/2013 00:19:07" />
    <file relUrl="Content/Imagens/lista.png" publishTime="02/08/2013 16:15:37" />
    <file relUrl="Content/themes/base/jquery.ui.base.css" publishTime="02/10/2013 00:19:07" />
    <file relUrl="Content/Imagens/Icones/logout.png" publishTime="02/08/2013 15:02:44" />
    <file relUrl="Views/ListasMaterial/Editar.cshtml" publishTime="02/22/2013 17:04:24" />
    <file relUrl="Content/Imagens/Icones/returnBranco.png" publishTime="02/21/2013 13:28:43" />
    <file relUrl="Content/Imagens/Icones/return.png" publishTime="02/21/2013 13:28:19" />
    <file relUrl="Content/themes/base/jquery.ui.datepicker.css" publishTime="02/10/2013 00:19:07" />
    <file relUrl="Views/Custos/Index.cshtml" publishTime="02/21/2013 02:45:50" />
    <file relUrl="Views/Disciplinas/Index.cshtml" publishTime="02/21/2013 14:57:07" />
    <file relUrl="Views/Cursos/Editar.cshtml" publishTime="02/21/2013 02:42:37" />
    <file relUrl="Content/themes/base/jquery.ui.selectable.css" publishTime="02/10/2013 00:19:07" />
    <file relUrl="Views/Perfil/AlterarPerfil.cshtml" publishTime="02/13/2013 01:06:40" />
    <file relUrl="Content/Imagens/Icones/search.png" publishTime="02/08/2013 15:23:50" />
    <file relUrl="Content/themes/base/images/ui-icons_222222_256x240.png" publishTime="02/10/2013 00:19:07" />
    <file relUrl="Content/themes/base/jquery.ui.progressbar.css" publishTime="02/10/2013 00:19:07" />
    <file relUrl="Content/Imagens/Icones/administradores.png" publishTime="02/21/2013 13:36:05" />
    <file relUrl="Content/Imagens/Icones/guardar.png" publishTime="02/08/2013 15:44:55" />
    <file relUrl="Content/Imagens/Icones/eliminarBranco.png" publishTime="02/08/2013 15:31:44" />
    <file relUrl="Content/Imagens/Icones/estudantes.png" publishTime="02/21/2013 13:33:29" />
    <file relUrl="Views/Pedidos/Detalhes.cshtml" publishTime="02/13/2013 05:22:29" />
    <file relUrl="Views/Pesquisa/Disciplina.cshtml" publishTime="02/22/2013 04:20:06" />
    <file relUrl="Content/Imagens/Icones/lista.png" publishTime="02/08/2013 15:55:18" />
    <file relUrl="Views/Registo/Index.cshtml" publishTime="02/21/2013 04:02:52" />
    <file relUrl="Views/Shared/_Layout.cshtml" publishTime="02/22/2013 17:15:22" />
    <file relUrl="Scripts/modernizr-1.7.min.js" publishTime="02/10/2013 00:19:08" />
    <file relUrl="Views/Shared/Error.cshtml" publishTime="02/10/2013 00:19:04" />
    <file relUrl="Content/themes/base/images/ui-icons_454545_256x240.png" publishTime="02/10/2013 00:19:07" />
    <file relUrl="Content/Imagens/Icones/custos.png" publishTime="02/21/2013 13:41:50" />
    <file relUrl="Views/Pedidos/Index.cshtml" publishTime="02/22/2013 04:19:39" />
    <file relUrl="Scripts/jquery.validate.min.js" publishTime="02/10/2013 00:19:06" />
    <file relUrl="Content/themes/base/images/ui-bg_glass_65_ffffff_1x400.png" publishTime="02/10/2013 00:19:07" />
    <file relUrl="Content/Imagens/Icones/rejeitarBranco.png" publishTime="02/22/2013 16:01:26" />
    <file relUrl="Views/Administradores/Index.cshtml" publishTime="02/21/2013 14:51:49" />
    <file relUrl="Content/themes/base/jquery.ui.theme.css" publishTime="02/10/2013 00:19:06" />
    <file relUrl="Content/Imagens/Icones/imprimir.png" publishTime="02/08/2013 15:35:01" />
    <file relUrl="Content/Imagens/Icones/login.png" publishTime="02/08/2013 15:03:35" />
    <file relUrl="Content/Imagens/Icones/disciplina.png" publishTime="02/21/2013 13:40:39" />
    <file relUrl="Content/Imagens/editarPerfil.png" publishTime="05/26/2012 00:21:01" />
    <file relUrl="Views/AnosCurso/Add.cshtml" publishTime="02/21/2013 19:44:44" />
    <file relUrl="Scripts/jquery-1.5.1.min.js" publishTime="02/10/2013 00:19:05" />
    <file relUrl="Content/themes/base/images/ui-bg_highlight-soft_75_cccccc_1x100.png" publishTime="02/10/2013 00:19:07" />
    <file relUrl="Content/Imagens/Icones/adicionar.png" publishTime="02/08/2013 15:28:28" />
    <file relUrl="Content/Imagens/header.png" publishTime="02/21/2013 13:53:20" />
    <file relUrl="Views/Cursos/Add.cshtml" publishTime="02/21/2013 19:45:02" />
    <file relUrl="Content/Imagens/Icones/addLista.png" publishTime="02/08/2013 15:52:56" />
    <file relUrl="Views/Perfil/Index.cshtml" publishTime="02/21/2013 04:02:38" />
    <file relUrl="Content/themes/base/jquery.ui.dialog.css" publishTime="02/10/2013 00:19:07" />
    <file relUrl="Content/Site.css" publishTime="02/10/2013 00:19:04" />
    <file relUrl="Scripts/jquery-ui-1.8.11.js" publishTime="02/10/2013 00:19:06" />
    <file relUrl="Views/Populate/Index.cshtml" publishTime="02/10/2013 17:31:05" />
    <file relUrl="bin/EntityFramework.dll" publishTime="02/10/2013 00:19:07" />
    <file relUrl="Content/Imagens/Icones/aceitarBranco.png" publishTime="02/22/2013 15:59:31" />
    <file relUrl="Content/Imagens/Icones/editarBranco.png" publishTime="02/08/2013 15:39:33" />
    <file relUrl="bin/EWProjecto.dll" publishTime="02/22/2013 19:37:40" />
    <file relUrl="Views/Material/Add.cshtml" publishTime="02/21/2013 22:32:05" />
    <file relUrl="Content/Imagens/Icones/material.png" publishTime="02/08/2013 15:57:30" />
    <file relUrl="Content/Imagens/Icones/ID.png" publishTime="02/08/2013 15:00:03" />
    <file relUrl="Scripts/modernizr-1.7.js" publishTime="02/10/2013 00:19:08" />
    <file relUrl="Views/Estudantes/Add.cshtml" publishTime="02/21/2013 19:46:00" />
    <file relUrl="Content/themes/base/jquery.ui.tabs.css" publishTime="02/10/2013 00:19:07" />
    <file relUrl="Content/Imagens/Icones/rejeitado.png" publishTime="02/08/2013 04:36:45" />
    <file relUrl="Scripts/jquery.unobtrusive-ajax.js" publishTime="02/10/2013 00:19:04" />
    <file relUrl="Content/themes/base/jquery.ui.all.css" publishTime="02/10/2013 00:19:07" />
    <file relUrl="Views/Web.config" publishTime="02/12/2013 12:14:33" />
    <file relUrl="Content/Imagens/material.png" publishTime="02/08/2013 16:10:50" />
    <file relUrl="Scripts/MicrosoftAjax.debug.js" publishTime="02/10/2013 00:19:04" />
    <file relUrl="Scripts/jquery-1.5.1-vsdoc.js" publishTime="02/10/2013 00:19:06" />
    <file relUrl="Scripts/MicrosoftMvcAjax.debug.js" publishTime="02/10/2013 00:19:04" />
    <file relUrl="Content/themes/base/images/ui-bg_glass_95_fef1ec_1x400.png" publishTime="02/10/2013 00:19:07" />
    <file relUrl="Content/Imagens/Icones/pendente.png" publishTime="02/08/2013 04:27:10" />
    <file relUrl="Content/Imagens/Icones/cursos.png" publishTime="02/21/2013 13:43:27" />
    <file relUrl="Views/ListasMaterial/Index.cshtml" publishTime="02/22/2013 04:17:27" />
    <file relUrl="Views/Pesquisa/Curso.cshtml" publishTime="02/22/2013 04:20:03" />
    <file relUrl="Scripts/jquery.validate.js" publishTime="02/10/2013 00:19:06" />
    <file relUrl="Views/Material/Index.cshtml" publishTime="02/21/2013 22:41:08" />
    <file relUrl="Content/jquery-ui.css" publishTime="02/11/2013 12:17:18" />
    <file relUrl="Content/themes/base/images/ui-bg_flat_0_aaaaaa_40x100.png" publishTime="02/10/2013 00:19:07" />
    <file relUrl="Views/Home/Estudante.cshtml" publishTime="02/22/2013 14:10:34" />
    <file relUrl="packages.config" publishTime="02/10/2013 00:19:08" />
    <file relUrl="Scripts/jquery.validate.unobtrusive.min.js" publishTime="02/10/2013 00:19:04" />
    <file relUrl="Content/ccum.css" publishTime="02/22/2013 15:04:43" />
    <file relUrl="Content/Imagens/Icones/configuracoes.png" publishTime="02/08/2013 15:05:49" />
    <file relUrl="Content/themes/base/jquery.ui.autocomplete.css" publishTime="02/10/2013 00:19:07" />
    <file relUrl="Views/Administradores/Add.cshtml" publishTime="02/21/2013 19:44:25" />
  </publishProfile>
</publishData>